identity,family,maturity,authorityRole,scope,admissionRule,issueOwners,examples,sourceRef
"ROCK-3001","Standards Track (Normative)","3.0.0-suite-draft","normative","Suite declaration; checked-in availability is explicit.","Owning document controls meaning; suite declaration does not prove implementation.","","","docs/RFCs/Rosetta v3.0.0 Core Spine Specification.md"
"ROCK-3002","Standards Track (Normative)","3.0.0-suite-draft","normative","Suite declaration; checked-in availability is explicit.","Owning document controls meaning; suite declaration does not prove implementation.","","","docs/RFCs/Rosetta v3.0.0 Core Spine Specification.md"
"ROCK-3003","Standards Track (Normative)","3.0.0-suite-draft","normative","Suite declaration; checked-in availability is explicit.","Owning document controls meaning; suite declaration does not prove implementation.","","","docs/RFCs/Rosetta v3.0.0 Core Spine Specification.md"
"ROCK-3004","Standards Track (Normative)","3.0.0-suite-draft","normative","Suite declaration; checked-in availability is explicit.","Owning document controls meaning; suite declaration does not prove implementation.","","","docs/RFCs/Rosetta v3.0.0 Core Spine Specification.md"
"ROCK-3005","Standards Track (Normative)","3.0.0-suite-draft","normative","Suite declaration; checked-in availability is explicit.","Owning document controls meaning; suite declaration does not prove implementation.","","","docs/RFCs/Rosetta v3.0.0 Core Spine Specification.md"
"ROCK-3006","Informative Note","3.0.0-suite-draft","informative","Suite declaration; checked-in availability is explicit.","Owning document controls meaning; suite declaration does not prove implementation.","","","docs/RFCs/Rosetta v3.0.0 Core Spine Specification.md"
"ROCK-3007","Informative Note","3.0.0-suite-draft","informative","Suite declaration; checked-in availability is explicit.","Owning document controls meaning; suite declaration does not prove implementation.","","","docs/RFCs/Rosetta v3.0.0 Core Spine Specification.md"
"ROCK-3010","Artifact (Normative)","3.0.0-suite-draft","normative","Suite declaration; checked-in availability is explicit.","Owning document controls meaning; suite declaration does not prove implementation.","","","docs/RFCs/Rosetta v3.0.0 Core Spine Specification.md"
"ROCK-3099","Informative (process)","3.0.0-suite-draft","informative","Suite declaration; checked-in availability is explicit.","Owning document controls meaning; suite declaration does not prove implementation.","","","docs/RFCs/Rosetta v3.0.0 Core Spine Specification.md"
"ROCK-3111-C","SchemaPack","draft 0.1.0","Pack extension; does not redefine Core","Receipt vocabulary, schema, starter SHACL, examples, and test vectors for signed bundle verification.","Declared manifest, exports, Core compatibility and conformance gates.","#10; #1698","packs/rrp/examples/bootstrap-receipt-bundle.md","packs/rrp/pack.json"
"ROCK-3010-SALIENCE-EVALUATION","SchemaPack","draft 0.1.0","Pack extension; does not redefine Core","Public representational Profiles over Core Evaluation: salience assessments and bounded historical counterfactual comparisons.","Declared manifest, exports, Core compatibility and conformance gates.","#1694; #1692; #1695","","packs/schema-pack-evaluation-profiles/pack.json"
"PACK-SOURCE-SUBSTRATE","StdPack","draft 0.1.0","Pack extension; does not redefine Core","Source system, record, manifestation, package, trust, and correction starter contracts.","Declared manifest, exports, Core compatibility and conformance gates.","","packs/stdpack-source-substrate/examples/source-registry-bootstrap.md","packs/stdpack-source-substrate/pack.json"
"PACK-SOURCE-TAXONOMY","VocabPack","draft 0.1.0","Pack extension; does not redefine Core","Starter taxonomy for infrastructure, repository, and volatility classes plus source tiers.","Declared manifest, exports, Core compatibility and conformance gates.","","packs/vocabpack-source-taxonomy/examples/tiering-and-trust.md","packs/vocabpack-source-taxonomy/pack.json"
"rrp.promotion-state.v1","Profile","1.0.0","Specialization of rosetta.observation","Declared by ROCK-3111-C","Explicit Core descent, owning Pack schema and acceptance fixtures.","#10; #1698","packs/rrp/tests/README.md; packs/rrp/test-vectors/pack-id-v1.expected.json; packs/rrp/test-vectors/receipt-pass.json; packs/rrp/test-vectors/receipt-tampered.json; packs/rrp/test-vectors/promotion-pre-fix.json; packs/rrp/test-vectors/promotion-state-valid.json","packs/rrp/schema/promotion-state.schema.json"
"salience.evaluation.v1","Profile","1.0.0","Specialization of rosetta.evaluation","Declared by ROCK-3010-SALIENCE-EVALUATION","Explicit Core descent, owning Pack schema and acceptance fixtures.","#1694","packs/schema-pack-evaluation-profiles/tests/README.md; packs/schema-pack-evaluation-profiles/test-vectors/salience/01-high-impact-exigency-low-novelty.json; packs/schema-pack-evaluation-profiles/test-vectors/salience/02-low-impact-low-exigency-high-novelty-failure.json; packs/schema-pack-evaluation-profiles/test-vectors/salience/03-aggregate-pattern.json; packs/schema-pack-evaluation-profiles/test-vectors/salience/04-expected-absence.json; packs/schema-pack-evaluation-profiles/test-vectors/salience/05-contradiction.json; packs/schema-pack-evaluation-profiles/test-vectors/salience/06-historical-reassessment.json; packs/schema-pack-evaluation-profiles/test-vectors/salience/07-unknown-insufficient-evidence.json; packs/schema-pack-evaluation-profiles/test-vectors/salience/08-invalid-no-grant.json; packs/schema-pack-evaluation-profiles/test-vectors/salience/09-interoperable-private-procedures.json; packs/schema-pack-evaluation-profiles/test-vectors/counterfactual/01-equivalent.json; packs/schema-pack-evaluation-profiles/test-vectors/counterfactual/02-missed-exception.json; packs/schema-pack-evaluation-profiles/test-vectors/counterfactual/03-worse.json; packs/schema-pack-evaluation-profiles/test-vectors/counterfactual/04-partial-replay.json; packs/schema-pack-evaluation-profiles/test-vectors/counterfactual/05-later-evidence-excluded.json; packs/schema-pack-evaluation-profiles/test-vectors/counterfactual/06-effect-rejected.json; packs/schema-pack-evaluation-profiles/test-vectors/counterfactual/07-inconclusive.json; packs/schema-pack-evaluation-profiles/test-vectors/counterfactual/08-preserved-reassessment.json; packs/schema-pack-evaluation-profiles/test-vectors/counterfactual/09-invalid-activation.json","packs/schema-pack-evaluation-profiles/schema/salience-evaluation.schema.json"
"counterfactual.evaluation.v1","Profile","1.0.0","Specialization of rosetta.evaluation","Declared by ROCK-3010-SALIENCE-EVALUATION","Explicit Core descent, owning Pack schema and acceptance fixtures.","#1692; #1695","packs/schema-pack-evaluation-profiles/tests/README.md; packs/schema-pack-evaluation-profiles/test-vectors/salience/01-high-impact-exigency-low-novelty.json; packs/schema-pack-evaluation-profiles/test-vectors/salience/02-low-impact-low-exigency-high-novelty-failure.json; packs/schema-pack-evaluation-profiles/test-vectors/salience/03-aggregate-pattern.json; packs/schema-pack-evaluation-profiles/test-vectors/salience/04-expected-absence.json; packs/schema-pack-evaluation-profiles/test-vectors/salience/05-contradiction.json; packs/schema-pack-evaluation-profiles/test-vectors/salience/06-historical-reassessment.json; packs/schema-pack-evaluation-profiles/test-vectors/salience/07-unknown-insufficient-evidence.json; packs/schema-pack-evaluation-profiles/test-vectors/salience/08-invalid-no-grant.json; packs/schema-pack-evaluation-profiles/test-vectors/salience/09-interoperable-private-procedures.json; packs/schema-pack-evaluation-profiles/test-vectors/counterfactual/01-equivalent.json; packs/schema-pack-evaluation-profiles/test-vectors/counterfactual/02-missed-exception.json; packs/schema-pack-evaluation-profiles/test-vectors/counterfactual/03-worse.json; packs/schema-pack-evaluation-profiles/test-vectors/counterfactual/04-partial-replay.json; packs/schema-pack-evaluation-profiles/test-vectors/counterfactual/05-later-evidence-excluded.json; packs/schema-pack-evaluation-profiles/test-vectors/counterfactual/06-effect-rejected.json; packs/schema-pack-evaluation-profiles/test-vectors/counterfactual/07-inconclusive.json; packs/schema-pack-evaluation-profiles/test-vectors/counterfactual/08-preserved-reassessment.json; packs/schema-pack-evaluation-profiles/test-vectors/counterfactual/09-invalid-activation.json","packs/schema-pack-evaluation-profiles/schema/counterfactual-evaluation.schema.json"
